id;nama;level_unit;id_induk_satker;id_jns_satker
{4D589734-7E1D-41C4-9A56-5A0CC536AC60};Rektorat;1;{EB863F41-40E6-4EBE-BF0B-D30F8037E4A7};1
{9EA19A31-6B43-4B65-937E-7D32B38D615B};Wakil Rektor Bidang Akademik dan Kemahasiswaan;2;{4D589734-7E1D-41C4-9A56-5A0CC536AC60};4
{86B420A2-2FF0-44FD-A3CA-E150154A1D96};Wakil Rektor Bidang Perencanaan, Keuangan dan Sarana Prasarana;2;{4D589734-7E1D-41C4-9A56-5A0CC536AC60};4
{6CF096E8-A3EC-4DE9-9DE5-6020C794EF41};Wakil Rektor Bidang Sumber Daya Manusia, Organisasi dan Teknologi dan Sistem Informasi;2;{4D589734-7E1D-41C4-9A56-5A0CC536AC60};4
{A2883805-6446-4F7F-882D-49D57678434A};Wakil Rektor Bidang Riset, Inovasi, Kerjasama, dan Kealumnian;2;{4D589734-7E1D-41C4-9A56-5A0CC536AC60};4
{08045855-EF0D-4937-B005-70B303FD98F1};Sekretaris Institut;2;{4D589734-7E1D-41C4-9A56-5A0CC536AC60};5
{FAC23AC4-8A7E-482D-98CB-8F8177E86832};Fakultas Sains dan Analitika Data;2;{4D589734-7E1D-41C4-9A56-5A0CC536AC60};6
{21ADBDA5-DDEA-4FE0-B6CA-0BA72C91A064};Fakultas Teknologi Industri dan Rekayasa Sistem;2;{4D589734-7E1D-41C4-9A56-5A0CC536AC60};6
{4AE0BA8F-4CE5-4427-AC1D-326CB977A908};Fakultas Teknik Sipil, Perencanaan, dan Kebumian;2;{4D589734-7E1D-41C4-9A56-5A0CC536AC60};6
{FF742A2B-5B08-4454-B4AD-B05F4213ADC8};Fakultas Teknologi Kelautan;2;{4D589734-7E1D-41C4-9A56-5A0CC536AC60};6
{8ECEFD71-51CD-4FE8-BF20-CBAF6925C08F};Fakultas Teknologi Elektro dan Informatika Cerdas;2;{4D589734-7E1D-41C4-9A56-5A0CC536AC60};6
{30059081-ACD9-475D-92BA-F5CB3DF14C83};Fakultas Desain Kreatif dan Bisnis Digital;2;{4D589734-7E1D-41C4-9A56-5A0CC536AC60};6
{77B47F90-EA1A-474C-9B66-F9A3E7904894};Fakultas Vokasi;2;{4D589734-7E1D-41C4-9A56-5A0CC536AC60};6
{9D7496A4-831F-4F12-800C-65A822408F27};Direktorat Pendidikan;3;{9EA19A31-6B43-4B65-937E-7D32B38D615B};8
{4071986F-EB74-429B-970B-3525424F17EA};Direktorat Kemitraan Global;2;{4D589734-7E1D-41C4-9A56-5A0CC536AC60};8
{D88F8CE4-1D9D-4158-A051-37CE97C4C0DC};Direktorat Pascasarjana dan Pengembangan Akademik;3;{9EA19A31-6B43-4B65-937E-7D32B38D615B};8
{141119E9-E787-4404-BBE7-DCDA67F5004C};Direktorat Kemahasiswaan;3;{9EA19A31-6B43-4B65-937E-7D32B38D615B};8
{F842552D-1213-4EF7-A667-89AFE5849ED8};Direktorat Sumber Daya Manusia dan Organisasi;3;{6CF096E8-A3EC-4DE9-9DE5-6020C794EF41};8
{CA224234-7E54-4065-B849-967650B592DA};Direktorat Perencanaan dan Pengembangan;3;{86B420A2-2FF0-44FD-A3CA-E150154A1D96};8
{B0A20E0A-1403-44DE-B227-CE57CE108DD4};Direktorat Riset dan Pengabdian kepada Masyarakat;3;{A2883805-6446-4F7F-882D-49D57678434A};8
{B0EBE984-F041-4EEC-86B7-3B4730D51CCC};Direktorat Pengembangan Teknologi dan Sistem Informasi;3;{6CF096E8-A3EC-4DE9-9DE5-6020C794EF41};8
{653BB177-83F9-4758-BA4F-F49B82099F6A};Direktorat Inovasi dan Kawasan Sains Teknologi;3;{A2883805-6446-4F7F-882D-49D57678434A};8
{C1A4DFA1-B549-49FF-8AB5-E69B0684375E};Direktorat Kerjasama dan Pengelolaan Usaha;3;{A2883805-6446-4F7F-882D-49D57678434A};8
{142D6BC7-5395-4DBD-B63F-31524F093830};Biro Umum dan Reformasi Birokrasi;3;{6CF096E8-A3EC-4DE9-9DE5-6020C794EF41};9
{DFB2F985-7EB5-4D3D-99D8-AB4072A5F353};Biro Sarana dan Prasarana;3;{86B420A2-2FF0-44FD-A3CA-E150154A1D96};9
{B5394232-7B77-456E-B01B-6F52E95F923A};Biro Keuangan;3;{86B420A2-2FF0-44FD-A3CA-E150154A1D96};9
{8781C710-70E3-4C63-8C4D-02880FA294D2};Kantor Penjaminan Mutu;2;{4D589734-7E1D-41C4-9A56-5A0CC536AC60};11
{95E9E37A-BDE9-41E7-8285-8A2D1A674B65};Kantor Audit Internal;2;{4D589734-7E1D-41C4-9A56-5A0CC536AC60};11
{E911DE87-FDC5-4FCE-86F3-37C0DD63FCDD};Kantor Transfer Teknologi;4;{653BB177-83F9-4758-BA4F-F49B82099F6A};11
{D04E9EC3-620D-401E-977E-5E9213DC48BC};Departemen Teknik Material dan Metalurgi;3;{21ADBDA5-DDEA-4FE0-B6CA-0BA72C91A064};13
{9E2ACF0E-D1A2-432A-861F-D170A1BB3A14};Departemen Teknik Sipil;3;{4AE0BA8F-4CE5-4427-AC1D-326CB977A908};13
{067F74F3-1D3D-4AE5-99A5-BE7DC5794346};Departemen Arsitektur;3;{4AE0BA8F-4CE5-4427-AC1D-326CB977A908};13
{48914A29-488B-47CE-944B-9F5792ADBF61};Departemen Teknik Lingkungan;3;{4AE0BA8F-4CE5-4427-AC1D-326CB977A908};13
{9961DA5F-8287-423F-BC78-64084CAE09F8};Departemen Teknik Mesin;3;{21ADBDA5-DDEA-4FE0-B6CA-0BA72C91A064};13
{2590B1DF-D6EC-4968-BF05-37F8F69377C8};Departemen Teknik Kimia;3;{21ADBDA5-DDEA-4FE0-B6CA-0BA72C91A064};13
{61704DE5-2E33-41DD-BC93-27622D9F5DD6};Departemen Teknik Fisika;3;{21ADBDA5-DDEA-4FE0-B6CA-0BA72C91A064};13
{1FC2B474-14B2-4344-86F4-75DCB387F600};Departemen Teknik Sistem dan Industri;3;{21ADBDA5-DDEA-4FE0-B6CA-0BA72C91A064};13
{AEA8C02A-6902-461F-9E5E-121964B46494};Departemen Aktuaria;3;{FAC23AC4-8A7E-482D-98CB-8F8177E86832};13
{399F1740-C3B3-4B17-9CC8-A6530656F41B};Departemen Fisika;3;{FAC23AC4-8A7E-482D-98CB-8F8177E86832};13
{21F5FACF-2500-42D0-A67A-B1F631AC92C2};Departemen Matematika;3;{FAC23AC4-8A7E-482D-98CB-8F8177E86832};13
{AE9D1371-CF41-40A7-93E3-7D7D495F6F7C};Departemen Statistika;3;{FAC23AC4-8A7E-482D-98CB-8F8177E86832};13
{E473B3F3-A86B-45C3-8041-1ED11A37D63F};Departemen Kimia;3;{FAC23AC4-8A7E-482D-98CB-8F8177E86832};13
{99F05421-F893-4226-A415-3A8E17EADE38};Departemen Biologi;3;{FAC23AC4-8A7E-482D-98CB-8F8177E86832};13
{5D802CC3-C03E-43C9-A831-F241E560B78A};Departemen Teknik Infrastruktur Sipil;3;{77B47F90-EA1A-474C-9B66-F9A3E7904894};13
{DE7AB2C6-D399-42A8-8F4A-FFB381D15E1B};Departemen Manajemen Teknologi;3;{30059081-ACD9-475D-92BA-F5CB3DF14C83};13
{A68DF11A-08D4-42E7-B878-5730B1B5B4E9};Departemen Studi Pembangunan;3;{30059081-ACD9-475D-92BA-F5CB3DF14C83};13
{25AC5DE6-1EB9-4D7D-9DAD-13F5018A0010};Departemen Teknik Mesin Industri;3;{77B47F90-EA1A-474C-9B66-F9A3E7904894};13
{583057BB-7885-469E-A908-8734472EC3C5};Departemen Teknik Elektro Otomasi;3;{77B47F90-EA1A-474C-9B66-F9A3E7904894};13
{ECF8FCA1-1B39-46A8-A57B-4941458C6E82};Departemen Teknik Kimia Industri;3;{77B47F90-EA1A-474C-9B66-F9A3E7904894};13
{A0364179-6B3F-415E-9050-75EBE66F14EC};Departemen Teknik Instrumentasi;3;{77B47F90-EA1A-474C-9B66-F9A3E7904894};13
{FAB0153C-8B30-4659-B50F-9081DCFB0BC6};Departemen Statistika Bisnis;3;{77B47F90-EA1A-474C-9B66-F9A3E7904894};13
{1F95AF34-4842-4591-B5C3-DCDC3D79B0BF};Departemen Desain Produk;3;{30059081-ACD9-475D-92BA-F5CB3DF14C83};13
{3E9E8626-0C05-4336-8FB7-357626327A4A};Departemen Teknologi Informasi;3;{8ECEFD71-51CD-4FE8-BF20-CBAF6925C08F};13
{747B77BD-9098-447A-9AF6-E2994BE53645};Departemen Desain Interior;3;{30059081-ACD9-475D-92BA-F5CB3DF14C83};13
{9955FC2D-3203-4B08-AEFC-31DC69B01F19};Departemen Desain Komunikasi Visual;3;{30059081-ACD9-475D-92BA-F5CB3DF14C83};13
{56F09E6A-9351-4BEE-9A5A-47189DA05DB7};Departemen Manajemen Bisnis;3;{30059081-ACD9-475D-92BA-F5CB3DF14C83};13
{D2C96085-B033-48E6-B9F8-4F283DE8696E};Departemen Teknik Transportasi Laut;3;{FF742A2B-5B08-4454-B4AD-B05F4213ADC8};13
{BFC13DC1-950A-452B-AF8A-2E8DD3548CE0};Departemen Teknik Elektro;3;{8ECEFD71-51CD-4FE8-BF20-CBAF6925C08F};13
{D12AE12C-BB63-40CF-A7DF-8E831F30A621};Departemen Teknik Biomedik;3;{8ECEFD71-51CD-4FE8-BF20-CBAF6925C08F};13
{F1928183-3E3E-40BF-B6A3-71C4299F06E1};Departemen Teknik Komputer;3;{8ECEFD71-51CD-4FE8-BF20-CBAF6925C08F};13
{1D0C94CD-68B8-4DB4-9AAE-2D01F0C70066};Departemen Teknik Informatika;3;{8ECEFD71-51CD-4FE8-BF20-CBAF6925C08F};13
{98836514-9A35-4007-8433-D2C0899E967F};Departemen Sistem Informasi;3;{8ECEFD71-51CD-4FE8-BF20-CBAF6925C08F};13
{71E9F019-B4FD-446C-B0C9-4CE4F8532BAF};Departemen Teknik Geofisika;3;{4AE0BA8F-4CE5-4427-AC1D-326CB977A908};13
{C0150805-8A5E-4645-986C-8B6B0266509B};Departemen Teknik Perkapalan;3;{FF742A2B-5B08-4454-B4AD-B05F4213ADC8};13
{88211E05-DE13-4131-8082-7594ADA2C244};Departemen Teknik Sistem Perkapalan;3;{FF742A2B-5B08-4454-B4AD-B05F4213ADC8};13
{0D0AE0A1-574F-4EFF-93C4-346FEEB1B56F};Departemen Perencanaan Wilayah dan Kota;3;{4AE0BA8F-4CE5-4427-AC1D-326CB977A908};13
{6B36C546-C953-44FC-B148-04AD0F103A72};Departemen Teknik Geomatika;3;{4AE0BA8F-4CE5-4427-AC1D-326CB977A908};13
{5922B132-4BC2-4C8A-836E-55F53842C26B};Departemen Teknik Kelautan;3;{FF742A2B-5B08-4454-B4AD-B05F4213ADC8};13
{74D04103-5DCF-4557-82C3-390B4D8FD8DF};S1 Teknik Sistem Perkapalan;4;{88211E05-DE13-4131-8082-7594ADA2C244};14
{A9CDA195-D6A5-48FD-8850-D10EF7B408CB};S2 Teknik Sistem Perkapalan;4;{88211E05-DE13-4131-8082-7594ADA2C244};14
{BAC98303-FE4C-4267-A770-2BD83503BB27};S3 Teknik Sistem Perkapalan;4;{88211E05-DE13-4131-8082-7594ADA2C244};14
{ECDA8D24-5C5E-4E76-8A5A-3EC2B4C7344A};S1 Teknik Kelautan;4;{5922B132-4BC2-4C8A-836E-55F53842C26B};14
{95694686-E1E3-459D-8D9F-525B0311F3DE};S2 Teknik Kelautan;4;{5922B132-4BC2-4C8A-836E-55F53842C26B};14
{63E1FF83-9252-46EB-AF51-F9A8C82D6195};S3 Teknik Kelautan;4;{5922B132-4BC2-4C8A-836E-55F53842C26B};14
{AEB6DF46-624E-4716-8731-2C92E6B44D12};S1 Teknik Elektro;4;{BFC13DC1-950A-452B-AF8A-2E8DD3548CE0};14
{7BDDBC90-7299-40EB-BF93-0EDFA0884397};S2 Teknik Elektro;4;{BFC13DC1-950A-452B-AF8A-2E8DD3548CE0};14
{59938AD3-30EC-420F-8843-9F99DACF0962};S3 Teknik Elektro;4;{BFC13DC1-950A-452B-AF8A-2E8DD3548CE0};14
{A5F28486-9034-4A2C-92E2-3EB0DB834AD8};S1 Perencanaan Wilayah dan Kota;4;{0D0AE0A1-574F-4EFF-93C4-346FEEB1B56F};14
{BDC675EE-DA52-45C6-8650-537DD0888258};S1 Teknik Geomatika;4;{6B36C546-C953-44FC-B148-04AD0F103A72};14
{7B82D43F-84DD-4DBB-91FF-65C4FB2D6B03};S2 Teknik Geomatika;4;{6B36C546-C953-44FC-B148-04AD0F103A72};14
{B32C6415-4830-4FF9-B0CB-A473A6D486A0};S1 Teknik Geofisika;4;{71E9F019-B4FD-446C-B0C9-4CE4F8532BAF};14
{FF48AE67-947D-48F9-9678-87154BD475CB};S1 Teknik Perkapalan;4;{C0150805-8A5E-4645-986C-8B6B0266509B};14
{4A2A99CA-8CD8-4263-98DB-239643EB8A8C};S2 Teknik Perkapalan;4;{C0150805-8A5E-4645-986C-8B6B0266509B};14
{AD9B117B-BBDE-4731-9E3E-3B8252137780};S3 Teknik Perkapalan;4;{C0150805-8A5E-4645-986C-8B6B0266509B};14
{74B8A041-AF30-4F4C-BC58-8413C4C7CA37};S1 Teknik Komputer;4;{F1928183-3E3E-40BF-B6A3-71C4299F06E1};14
{00EA4931-C72B-473E-8BED-AA3CA879C315};S1 Teknik Informatika;4;{1D0C94CD-68B8-4DB4-9AAE-2D01F0C70066};14
{DF343153-416C-4987-965F-B636E96F8926};S2 Teknik Informatika;4;{1D0C94CD-68B8-4DB4-9AAE-2D01F0C70066};14
{56AC82FF-3ACD-4B69-A7AD-38AFAD35ACB1};S3 Teknik Informatika;4;{1D0C94CD-68B8-4DB4-9AAE-2D01F0C70066};14
{30008160-743B-45DC-B43F-5E19DF5546CF};S1 Teknik Biomedik;4;{D12AE12C-BB63-40CF-A7DF-8E831F30A621};14
{B0ED8E53-6E65-4DFA-99B8-A3C01EB04248};S1 Teknik Transportasi Laut;4;{D2C96085-B033-48E6-B9F8-4F283DE8696E};14
{04BD1D45-6260-4099-A64D-DBF72A869E72};S1 Manajemen Bisnis;4;{56F09E6A-9351-4BEE-9A5A-47189DA05DB7};14
{7BEA38AC-8ABC-43D3-8E52-4530DF196B63};S1 Desain Produk;4;{1F95AF34-4842-4591-B5C3-DCDC3D79B0BF};14
{6AF518E2-CF85-4CD7-9EE3-5E4D70A3A40A};S1 Desain Interior;4;{747B77BD-9098-447A-9AF6-E2994BE53645};14
{5A165038-9916-49F2-8A10-316C385EC359};S1 Aktuaria;4;{AEA8C02A-6902-461F-9E5E-121964B46494};14
{CE658191-5114-4770-B44A-A6BD39EB77F2};S1 Teknologi Informasi;4;{3E9E8626-0C05-4336-8FB7-357626327A4A};14
{5F63727D-06D2-4443-8FD7-10B73A80E7F3};S1 Sistem Informasi;4;{98836514-9A35-4007-8433-D2C0899E967F};14
{F292F0D5-FD0D-46F7-8369-77BB374DA4BB};S2 Sistem Informasi;4;{98836514-9A35-4007-8433-D2C0899E967F};14
{5FD0DEE3-1343-4940-85E1-AC7ACE6C9DFC};D3 Statistika Bisnis;4;{FAB0153C-8B30-4659-B50F-9081DCFB0BC6};14
{09BB0863-2D66-4CE1-B4C4-F7AE10B265B6};D4 Statistika Bisnis;4;{FAB0153C-8B30-4659-B50F-9081DCFB0BC6};14
{509A679A-C625-4492-A800-1CA6B32EB9F7};D3 Teknik Instrumentasi;4;{A0364179-6B3F-415E-9050-75EBE66F14EC};14
{BE48B54F-7B6D-461B-A6EF-69B1B73E19DC};D4 Teknik Instrumentasi;4;{A0364179-6B3F-415E-9050-75EBE66F14EC};14
{CA844DCD-35BB-4FCB-AEC1-116C3031BE00};D3 Teknik Mesin Industri;4;{25AC5DE6-1EB9-4D7D-9DAD-13F5018A0010};14
{401E23C1-CDF3-4389-A205-AEF630A3B502};D4 Teknik Mesin Industri;4;{25AC5DE6-1EB9-4D7D-9DAD-13F5018A0010};14
{BA050604-B842-4F8E-ADAE-B6C22A1DBDB8};D3 Teknik Elektro Otomasi;4;{583057BB-7885-469E-A908-8734472EC3C5};14
{A064057B-AE6C-4F15-A7C7-4F8B170D0FDB};D4 Teknik Elektro Otomasi;4;{583057BB-7885-469E-A908-8734472EC3C5};14
{3FA22022-AA34-4DA3-8CC1-0C036FD8C71F};D3 Teknik Kimia Industri;4;{ECF8FCA1-1B39-46A8-A57B-4941458C6E82};14
{D2EA6E85-3BC1-467E-B83C-25E47FB34538};D4 Teknik Kimia Industri;4;{ECF8FCA1-1B39-46A8-A57B-4941458C6E82};14
{C344F703-3E01-45AB-BB81-DDD732A95E78};S1 Desain Komunikasi Visual;4;{9955FC2D-3203-4B08-AEFC-31DC69B01F19};14
{0DE1857B-9430-4E58-BF46-0ED01BEED6E2};S1 Studi Pembangunan;4;{A68DF11A-08D4-42E7-B878-5730B1B5B4E9};14
{F08491DF-76FD-495D-897D-1E4E4913DDDB};S1 Manajemen Teknologi;4;{DE7AB2C6-D399-42A8-8F4A-FFB381D15E1B};14
{E71BF52E-3ADF-4D64-B11D-57914B55557C};S2 Manajemen Teknologi;4;{DE7AB2C6-D399-42A8-8F4A-FFB381D15E1B};14
{4F80CAD5-B0BC-49B2-9EB2-1E26FAB09221};D3 Teknik Infrastruktur Sipil;4;{5D802CC3-C03E-43C9-A831-F241E560B78A};14
{9A072B45-AE5A-4A11-A77C-0D5E4C912093};D4 Teknik Infrastruktur Sipil;4;{5D802CC3-C03E-43C9-A831-F241E560B78A};14
{6EB3E962-2CCE-4364-BD7D-2707FFF4541E};S1 Kimia;4;{E473B3F3-A86B-45C3-8041-1ED11A37D63F};14
{3C5E04D8-645B-4676-8E38-77C90D14D651};S2 Kimia;4;{E473B3F3-A86B-45C3-8041-1ED11A37D63F};14
{E5A5DE7B-3938-456C-8556-CCB84C3D8086};S3 Kimia;4;{E473B3F3-A86B-45C3-8041-1ED11A37D63F};14
{570BAD3F-9C28-40E1-9724-44366F8B07BF};S1 Matematika;4;{21F5FACF-2500-42D0-A67A-B1F631AC92C2};14
{E8AA98CC-694A-4ACB-8877-4BC7CB339A49};S2 Matematika;4;{21F5FACF-2500-42D0-A67A-B1F631AC92C2};14
{877D5D4D-CF6B-4438-AB4F-561549314F1B};S1 Statistika;4;{AE9D1371-CF41-40A7-93E3-7D7D495F6F7C};14
{AC68C439-525E-4DDC-A2A8-A58B3FDE4013};S2 Statistika;4;{AE9D1371-CF41-40A7-93E3-7D7D495F6F7C};14
{6099BD21-E4BC-46B6-91D8-3657335C3DBB};S3 Statistika;4;{AE9D1371-CF41-40A7-93E3-7D7D495F6F7C};14
{CED75377-14D7-4B65-AEA3-C29251941656};S1 Biologi;4;{99F05421-F893-4226-A415-3A8E17EADE38};14
{DC49654E-F2EC-4509-A0FA-2F01B113138D};S2 Biologi;4;{99F05421-F893-4226-A415-3A8E17EADE38};14
{F5C09CA1-A0D3-4DE1-9312-06B8E2F1EC15};S1 Teknik Mesin;4;{9961DA5F-8287-423F-BC78-64084CAE09F8};14
{92C96059-B5A0-47DB-A355-54C1BE16A2FE};S2 Teknik Mesin;4;{9961DA5F-8287-423F-BC78-64084CAE09F8};14
{D638DBEC-C3D4-4269-A927-CFCA842F0946};S3 Teknik Mesin;4;{9961DA5F-8287-423F-BC78-64084CAE09F8};14
{D547E6C9-7A5F-46EA-BD3B-5CB136355AE0};S1 Teknik Kimia;4;{2590B1DF-D6EC-4968-BF05-37F8F69377C8};14
{DEA778EE-D637-41FE-83BD-AA4CFBAC91ED};S2 Teknik Kimia;4;{2590B1DF-D6EC-4968-BF05-37F8F69377C8};14
{820812A5-D1FF-420D-9DE8-0589FB3F3E8D};S3 Teknik Kimia;4;{2590B1DF-D6EC-4968-BF05-37F8F69377C8};14
{97BC8BC8-C394-428E-8BE1-E64FF1E9ED84};S1 Teknik Fisika;4;{61704DE5-2E33-41DD-BC93-27622D9F5DD6};14
{2BA63941-AE8C-44EA-A9E1-04CBE91D054E};S2 Teknik Fisika;4;{61704DE5-2E33-41DD-BC93-27622D9F5DD6};14
{6A717360-6EB7-4DEC-B646-8D73B717F72D};S3 Teknik Fisika;4;{61704DE5-2E33-41DD-BC93-27622D9F5DD6};14
{CF9EC621-9A54-4E79-B86D-333BF297B87A};S1 Teknik Sistem dan Industri;4;{1FC2B474-14B2-4344-86F4-75DCB387F600};14
{DAA185FA-CF83-4082-9E41-11876353204B};S2 Teknik Sistem dan Industri;4;{1FC2B474-14B2-4344-86F4-75DCB387F600};14
{FDE2A82C-838A-4545-8209-AECB545C6BF0};S3 Teknik Sistem dan Industri;4;{1FC2B474-14B2-4344-86F4-75DCB387F600};14
{637470CB-CB14-4FBE-B695-311A6B5279E8};S1 Teknik Material dan Metalurgi;4;{D04E9EC3-620D-401E-977E-5E9213DC48BC};14
{AAAB5D73-A027-49BB-850A-E95CC1EF397E};S2 Teknik Material dan Metalurgi;4;{D04E9EC3-620D-401E-977E-5E9213DC48BC};14
{5C5C3BBB-6C3B-45BA-9970-16D083663FD8};S1 Arsitektur;4;{067F74F3-1D3D-4AE5-99A5-BE7DC5794346};14
{E768C6A0-6FF9-49FC-A6D1-D64CBC6C925D};S2 Arsitektur;4;{067F74F3-1D3D-4AE5-99A5-BE7DC5794346};14
{4481E7AA-69F2-4D75-A0AB-DAA385A84E15};S3 Arsitektur;4;{067F74F3-1D3D-4AE5-99A5-BE7DC5794346};14
{04992FAF-39D9-40CF-A804-42A0E28A8AD1};S1 Teknik Lingkungan;4;{48914A29-488B-47CE-944B-9F5792ADBF61};14
{2923CD5D-DEBC-49FC-A04B-E838B75CFA0D};S2 Teknik Lingkungan;4;{48914A29-488B-47CE-944B-9F5792ADBF61};14
{FF346253-95AA-434D-B129-762CF596789D};S3 Teknik Lingkungan;4;{48914A29-488B-47CE-944B-9F5792ADBF61};14
{0388AE6E-775A-4C9D-B79A-C74F8D0D97FA};S1 Teknik Sipil;4;{9E2ACF0E-D1A2-432A-861F-D170A1BB3A14};14
{6977737E-FEC5-4B58-BD23-B181DA66B301};S2 Teknik Sipil;4;{9E2ACF0E-D1A2-432A-861F-D170A1BB3A14};14
{AC3E3F07-AEBA-45BE-8D7F-AF2829888D69};S3 Teknik Sipil;4;{9E2ACF0E-D1A2-432A-861F-D170A1BB3A14};14
{4B84FE40-77A9-4AF4-A68C-9AF8EC13B834};S1 Fisika;4;{399F1740-C3B3-4B17-9CC8-A6530656F41B};14
{D74A9EDB-F0D8-49A1-ACAE-77168E368BEC};S2 Fisika;4;{399F1740-C3B3-4B17-9CC8-A6530656F41B};14
{188F88C4-DD88-4418-A64E-FAD7AD9E750B};S3 Fisika;4;{399F1740-C3B3-4B17-9CC8-A6530656F41B};14
{5A9F80D3-13E8-4E9E-BE29-7F7C4D00AF58};Laboratorium Instrumentasi;4;{399F1740-C3B3-4B17-9CC8-A6530656F41B};15
{C1A44E5E-4FE0-4F25-BFE9-1A9A42CD15A8};Laboratorium Material Maju;4;{399F1740-C3B3-4B17-9CC8-A6530656F41B};15
{1AC69B81-DBD8-406B-AF5C-6C066DFCE980};Laboratorium Geofisika;4;{399F1740-C3B3-4B17-9CC8-A6530656F41B};15
{8B3AE8A0-2994-468F-B5DD-C1CEE49EE2EF};Laboratorium Fisika Modern dan Gelombang;4;{399F1740-C3B3-4B17-9CC8-A6530656F41B};15
{9182B1CC-7C51-4B89-9F3C-4D8541939BBB};Laboratorium Fisika Teori dan Filsafat Alam;4;{399F1740-C3B3-4B17-9CC8-A6530656F41B};15
{A328A146-904E-4F64-AEC3-0AF1F2C92AA7};Laboratorium Fisika Medis dan Biofisika;4;{399F1740-C3B3-4B17-9CC8-A6530656F41B};15
{2ADC4544-AF78-4D53-BC24-F99D20E3A817};Laboratorium Optoelektronika dan Elektro Magnetika Terapan;4;{399F1740-C3B3-4B17-9CC8-A6530656F41B};15
{447597E2-1038-4B07-A104-FE1BB7CFDE62};Laboratorium Fisika Dasar;4;{399F1740-C3B3-4B17-9CC8-A6530656F41B};15
{B995AD71-1F69-4E1F-927B-A5193624639C};Laboratorium Struktur;4;{9E2ACF0E-D1A2-432A-861F-D170A1BB3A14};15
{B65DAB6D-9D5B-4A3B-91B7-CF3674E4CD0F};Laboratorium Beton dan Bahan Bangunan;4;{9E2ACF0E-D1A2-432A-861F-D170A1BB3A14};15
{A9BEA133-D51F-4338-B897-C97C7BF81D5B};Laboratorium Mekanika Tanah dan Batuan;4;{9E2ACF0E-D1A2-432A-861F-D170A1BB3A14};15
{6C8C2E85-4EFA-4787-93E2-A68CE433CA01};Laboratorium Perhubungan dan Bahan Konstruksi Jalan;4;{9E2ACF0E-D1A2-432A-861F-D170A1BB3A14};15
{88D72013-BAE6-4D24-8E4E-1567D991D554};Laboratorium Keairan dan Teknik Pantai;4;{9E2ACF0E-D1A2-432A-861F-D170A1BB3A14};15
{0ECC130E-ABB2-4862-83BF-30730EFD50A0};Laboratorium Manajemen Konstruksi;4;{9E2ACF0E-D1A2-432A-861F-D170A1BB3A14};15
{A2F99FC9-75C8-47BE-B900-1A93B793F9DF};Laboratorium Remediasi Lingkungan;4;{48914A29-488B-47CE-944B-9F5792ADBF61};15
{6B2E487C-10AF-4640-BC62-A2F2CFB83EF9};Laboratorium Manajemen Kualitas Lingkungan;4;{48914A29-488B-47CE-944B-9F5792ADBF61};15
{5897E807-1996-40E3-877C-15182CBB7629};Laboratorium Teknologi Pengolahan Air;4;{48914A29-488B-47CE-944B-9F5792ADBF61};15
{DA3E494B-4AD0-4AFD-BCBF-5C9D11BFF071};Laboratorium Pengelolaan Limbah Padat dan Limbah Bahan Berbahaya dan Beracun (B3);4;{48914A29-488B-47CE-944B-9F5792ADBF61};15
{0B70079D-2F8E-435E-9672-0747C0D3FA8F};Laboratorium Pengendalian Pencemaran Udara dan Perubahan Iklim;4;{48914A29-488B-47CE-944B-9F5792ADBF61};15
{ECA81094-EC9E-4345-846D-D997B0B9E575};Laboratorium Teori, Sejarah, dan Kritik Arsitiektur;4;{067F74F3-1D3D-4AE5-99A5-BE7DC5794346};15
{53B60D89-EB21-4D88-ADD9-E8465C562231};Laboratorium Perumahan dan Permukiman;4;{067F74F3-1D3D-4AE5-99A5-BE7DC5794346};15
{3C42DA91-C436-4289-AA91-FB4957339792};Laboratorium Sains dan Teknologi Arsitektur ;4;{067F74F3-1D3D-4AE5-99A5-BE7DC5794346};15
{1544A8B8-A3F2-498F-BF81-A87EEFC3EC1E};Laboratorium Perancangan Kota;4;{067F74F3-1D3D-4AE5-99A5-BE7DC5794346};15
{C6BA15DF-0A2B-471F-9B3E-94EB79568B70};Laboratorium Perancangan Arsitektur;4;{067F74F3-1D3D-4AE5-99A5-BE7DC5794346};15
{9CA16D51-C7D1-4647-AC05-AB9649944934};Laboratorium Metalurgi Mekanik;4;{D04E9EC3-620D-401E-977E-5E9213DC48BC};15
{09C050B7-95B5-4E1F-AA39-EDD7BC2C7E75};Laboratorium Teknologi Manufaktur;4;{D04E9EC3-620D-401E-977E-5E9213DC48BC};15
{FF44CB16-4F44-4E15-82BC-9EC0537CD948};Laboratorium Korosi dan Kegagalan Material;4;{D04E9EC3-620D-401E-977E-5E9213DC48BC};15
{8C38FC4D-1F72-4D11-B091-B6C67EC37853};Laboratorium Inovasi Material;4;{D04E9EC3-620D-401E-977E-5E9213DC48BC};15
{1B4CA0DA-4254-4FED-9504-1975C999B38D};Laboratorium Teknologi Pengolahan Mineral dan Material;4;{D04E9EC3-620D-401E-977E-5E9213DC48BC};15
{1B92B9ED-268D-4469-A02F-01C97AD3C324};Laboratorium Kimia Material;4;{D04E9EC3-620D-401E-977E-5E9213DC48BC};15
{C456D917-EF46-45CC-8703-37DAF90B98F5};Laboratorium Fisika Material;4;{D04E9EC3-620D-401E-977E-5E9213DC48BC};15
{69343166-67C5-4AF0-A29C-20246D1CDD9A};Laboratorium Sistem Manufaktur;4;{1FC2B474-14B2-4344-86F4-75DCB387F600};15
{B5E3F8D7-1D84-4329-9F7F-2DE5C856A7D3};Laboratorium Ergonomi dan Perancangan Sistem Kerja;4;{1FC2B474-14B2-4344-86F4-75DCB387F600};15
{BA766F67-3F46-4D76-BB19-557F07398AB4};Laboratorium Pemodelan Kuantitatif dan Analisis Kebijakan Industri ;4;{1FC2B474-14B2-4344-86F4-75DCB387F600};15
{800808F3-951D-42D8-80F8-A8BE126F2501};Laboratorium Logistics and Supply Chain Management;4;{1FC2B474-14B2-4344-86F4-75DCB387F600};15
{452FB4CE-1C67-486F-9258-EE867EE3AAD7};Laboratorium Perancangan Sistem dan Manajemen Industri;4;{1FC2B474-14B2-4344-86F4-75DCB387F600};15
{6008235F-E666-4D1A-BA93-15C2AC625A9D};Laboratorium Rekayasa Bahan;4;{61704DE5-2E33-41DD-BC93-27622D9F5DD6};15
{17BC9B7E-9A50-424B-B149-20507C4C96C2};Laboratorium Rekayasa Energi dan Pengkondisian Lingkungan;4;{61704DE5-2E33-41DD-BC93-27622D9F5DD6};15
{F9E864F5-5966-45CB-B746-0E8F92503772};Laboratorium Rekayasa Fotonika;4;{61704DE5-2E33-41DD-BC93-27622D9F5DD6};15
{DA0604C0-22A9-4167-856D-1129C81F441C};Laboratorium Rekayasa Instrumentasi;4;{61704DE5-2E33-41DD-BC93-27622D9F5DD6};15
{111E5A29-F76A-4EBA-B2F7-D469022B7472};Laboratorium Vibrasi dan Akustik;4;{61704DE5-2E33-41DD-BC93-27622D9F5DD6};15
{5D7A7A17-1205-4E29-8127-95A0270374EE};Laboratorium Workshop Instrumentasi;4;{61704DE5-2E33-41DD-BC93-27622D9F5DD6};15
{47DE5CE3-8EDD-4576-9D77-1E245AAB2AB7};Laboratorium Pengukuran Fisis;4;{61704DE5-2E33-41DD-BC93-27622D9F5DD6};15
{8E0A0A66-8E37-4044-8979-CE0BF1D37A34};Laboratorium Fisika Rekayasa;4;{61704DE5-2E33-41DD-BC93-27622D9F5DD6};15
{77F6B490-AA7F-4439-BE4A-3784270B94B8};Laboratorium Komputasi dan Sistem Fisik Cyber;4;{61704DE5-2E33-41DD-BC93-27622D9F5DD6};15
{205823E2-3652-4B5B-9D4D-B476CDC3377F};Laboratorium Biomassa dan Konversi Energi;4;{2590B1DF-D6EC-4968-BF05-37F8F69377C8};15
{E3F017C5-0A4C-430E-BCD6-4525905C1765};Laboratorium Teknik Reaksi Kimia;4;{2590B1DF-D6EC-4968-BF05-37F8F69377C8};15
{7775FBA8-D63D-4814-BA1A-B932061EA975};Laboratorium Perpindahan Panas dan Massa;4;{2590B1DF-D6EC-4968-BF05-37F8F69377C8};15
{D043B2F5-0E54-41F9-99D4-A25E57D5197C};Laboratorium Perancangan dan Pengendalian Proses;4;{2590B1DF-D6EC-4968-BF05-37F8F69377C8};15
{88E39FA8-B579-423B-A17C-91173F3F9B53};Laboratorium Proses Kimia;4;{2590B1DF-D6EC-4968-BF05-37F8F69377C8};15
{430DC5E8-883E-46FB-982E-76522C2A02F9};Laboratorium Mekanika Fluida dan Pencampuran;4;{2590B1DF-D6EC-4968-BF05-37F8F69377C8};15
{801724CD-6225-459C-A161-6AE4DF6DF856};Laboratorium Thermodinamika;4;{2590B1DF-D6EC-4968-BF05-37F8F69377C8};15
{5F9348F2-7C3D-4FBA-B22F-938AD897DC8A};Laboratorium Teknologi Biokimia;4;{2590B1DF-D6EC-4968-BF05-37F8F69377C8};15
{3070F198-F71A-4492-A69B-E0CEA7B54433};Laboratorium Teknologi Material;4;{2590B1DF-D6EC-4968-BF05-37F8F69377C8};15
{D62EAC1F-98B3-43AA-99CB-66C8206D959D};Laboratorium Pengolahan Limbah Industri;4;{2590B1DF-D6EC-4968-BF05-37F8F69377C8};15
{C6696353-26D6-430B-8498-7B65BE3315DF};Laboratorium Elektrokimia dan Korosi;4;{2590B1DF-D6EC-4968-BF05-37F8F69377C8};15
{137BE9FD-F9A3-46D8-99A7-9A1DFAA7387D};Laboratorium Mikrobiologi Teknik;4;{2590B1DF-D6EC-4968-BF05-37F8F69377C8};15
{C139A43B-0A68-4EF7-8F27-6E2ED7B9D3EF};Laboratorium Simulasi dan Komputasi;4;{2590B1DF-D6EC-4968-BF05-37F8F69377C8};15
{8A26B007-FBC9-41DF-B624-0473FD5CB2B1};Laboratorium Operasi Teknik Kimia;4;{2590B1DF-D6EC-4968-BF05-37F8F69377C8};15
{587AF50B-02F1-42DA-B1A9-020A7AEFC859};Laboratorium Kimia Fisika;4;{2590B1DF-D6EC-4968-BF05-37F8F69377C8};15
{A351A345-3224-4247-9285-5FC174B4DE07};Laboratorium Kimia Analisa dan Kimia Organik;4;{2590B1DF-D6EC-4968-BF05-37F8F69377C8};15
{2C9B4FDD-7C05-40A9-82D0-E77D88E07E06};Laboratorium Teknologi Air dan Konsultasi Industri;4;{2590B1DF-D6EC-4968-BF05-37F8F69377C8};15
{67F5B7A2-1A5C-4314-97AC-C1073EAFB93E};Laboratorium Mekanika Benda Padat;4;{9961DA5F-8287-423F-BC78-64084CAE09F8};15
{F0F16307-8D19-447B-9607-79617CB60260};Laboratorium Teknik Pembakaran dan Bahan Bakar;4;{9961DA5F-8287-423F-BC78-64084CAE09F8};15
{43FB01E1-347C-42C8-90A3-83DCE06C6BEA};Laboratorium Proses Manufaktur;4;{9961DA5F-8287-423F-BC78-64084CAE09F8};15
{160619E4-17BA-40CB-9700-7E874E974ECC};Laboratorium Rekayasa Termal;4;{9961DA5F-8287-423F-BC78-64084CAE09F8};15
{34665383-008C-4EAC-8434-B7105B2AC719};Laboratorium Perancangan dan Pengembangan Produk;4;{9961DA5F-8287-423F-BC78-64084CAE09F8};15
{5B0CB29F-D542-4AA9-B78E-0D32FDE76B7C};Laboratorium Otomotif;4;{9961DA5F-8287-423F-BC78-64084CAE09F8};15
{EEACA099-AAC7-48F7-86D4-C8C801D2564C};Laboratorium Otomasi Industri;4;{9961DA5F-8287-423F-BC78-64084CAE09F8};15
{136D31C3-20F7-4D6A-AA39-13D52D2145A8};Laboratorium Rekayasa Sistem Industri;4;{9961DA5F-8287-423F-BC78-64084CAE09F8};15
{5B670671-5EAC-4040-825A-0B3196AD2AA0};Laboratorium Metalurgi;4;{9961DA5F-8287-423F-BC78-64084CAE09F8};15
{99C8522C-716A-45D3-990D-60B246BFD1FA};Laboratorium Teknik Cor;4;{9961DA5F-8287-423F-BC78-64084CAE09F8};15
{21F97CEB-1747-4E2F-ABE8-073CADFB15C3};Laboratorium Mekanika dan Mesin-Mesin Fluida;4;{9961DA5F-8287-423F-BC78-64084CAE09F8};15
{EEB8C809-CAAF-4B56-BB1C-BE2AE91D04D6};Laboratorium Vibrasi dan Sistem Dinamis;4;{9961DA5F-8287-423F-BC78-64084CAE09F8};15
{44B2296E-EAE5-4FBB-86BF-83488CC8FAFB};Laboratorium Ekologi;4;{99F05421-F893-4226-A415-3A8E17EADE38};15
{FAEE25C7-4645-494C-A1E6-F57C9052F916};Laboratorium Biosains dan Teknologi Tumbuhan;4;{99F05421-F893-4226-A415-3A8E17EADE38};15
{7A610192-1B5B-4912-85B3-1BE495E81050};Laboratorium Zoologi dan Rekayasa Hewan;4;{99F05421-F893-4226-A415-3A8E17EADE38};15
{E90A2922-57B2-475B-A5CC-36E940752BF1};Laboratorium Mikrobiologi dan Bioteknologi;4;{99F05421-F893-4226-A415-3A8E17EADE38};15
{FA69537B-31B7-4D0C-8F86-C0752295E589};Laboratorium Statistika Komputasi;4;{AE9D1371-CF41-40A7-93E3-7D7D495F6F7C};15
{42FF124E-6BE1-410F-86EB-2D9D0E576D21};Laboratorium Statistika Bisnis dan Industri;4;{AE9D1371-CF41-40A7-93E3-7D7D495F6F7C};15
{4F1C0A04-2A03-410E-BF8A-88813102ECAA};Laboratorium Statistika Ekonomi, Finansial dan Aktuaria;4;{AE9D1371-CF41-40A7-93E3-7D7D495F6F7C};15
{6F13E04C-EEDB-4AF5-9BDA-A39A5068B813};Laboratorium Statistika Lingkungan dan Kesehatan;4;{AE9D1371-CF41-40A7-93E3-7D7D495F6F7C};15
{B4F226EB-BEB7-4FA0-998D-3A6536AE7C4B};Laboratorium Statistika Sosial dan Kependudukan;4;{AE9D1371-CF41-40A7-93E3-7D7D495F6F7C};15
{4668FD04-B896-4EC8-8694-E80C142BAAC9};Laboratorium Komputasi Matematika;4;{21F5FACF-2500-42D0-A67A-B1F631AC92C2};15
{45DEF5A2-6D78-4D08-B26C-FBDA66009D8B};Laboratorium Pemodelan dan Simulasi Sistem;4;{21F5FACF-2500-42D0-A67A-B1F631AC92C2};15
{A5061705-1DBC-4BD3-97E8-90BAAA7CD1A0};Laboratorium Riset Operasi dan Pengolahan Data;4;{21F5FACF-2500-42D0-A67A-B1F631AC92C2};15
{AF544C26-4D37-481F-8A30-AB9E945FC4CC};Laboratorium Ilmu Komputer;4;{21F5FACF-2500-42D0-A67A-B1F631AC92C2};15
{85607A06-DECC-4F2C-BB96-7093A66B917D};Laboratorium Analisis Aljabar dan Pembelajaran Matematika;4;{21F5FACF-2500-42D0-A67A-B1F631AC92C2};15
{BA2467BC-357F-471D-BA0E-0AF2A33E57AB};Laboratorium Fundamental Kimia;4;{E473B3F3-A86B-45C3-8041-1ED11A37D63F};15
{7FE078D4-B1CA-4ADF-9267-564E61ADB85C};Laboratorium Kimia Bahan Alam dan Sintesis;4;{E473B3F3-A86B-45C3-8041-1ED11A37D63F};15
{9D0E26BD-D21D-427A-A8AA-5C66F4E4F27E};Laboratorium Geokimia Molekuler;4;{E473B3F3-A86B-45C3-8041-1ED11A37D63F};15
{655CA3C0-9AC4-4462-B078-23488969F27F};Laboratorium Kimia Mikroorganisme;4;{E473B3F3-A86B-45C3-8041-1ED11A37D63F};15
{7936091C-B51E-4065-BCCE-19415C9CB9EE};Laboratorium Kimia Material dan Energi;4;{E473B3F3-A86B-45C3-8041-1ED11A37D63F};15
{793525D1-4493-4D39-B148-9A3ACB6B669C};Laboratorium Instrumentasi dan Metode Analisis;4;{E473B3F3-A86B-45C3-8041-1ED11A37D63F};15
{69EFF49C-E680-47FA-8222-0D96A9CA5848};Laboratorium Transportasi dan Geoteknik ;4;{5D802CC3-C03E-43C9-A831-F241E560B78A};15
{47A7DBCA-4CC5-4AE5-AEF4-98DB87F9B339};Laboratorium Material dan Struktur Gedung;4;{5D802CC3-C03E-43C9-A831-F241E560B78A};15
{4A66018D-BE26-4BB7-A6F8-3D4BD29F2C55};Laboratorium Hidroteknik dan Surveying;4;{5D802CC3-C03E-43C9-A831-F241E560B78A};15
{B2C229D8-CF80-49A4-8746-379BE6C25627};Laboratorium Manajemen Pelaksanaan Konstruksi;4;{5D802CC3-C03E-43C9-A831-F241E560B78A};15
{F6869293-C796-48DE-8108-C1A27C2B57EB};Laboratorium Komputasi Bisnis;4;{DE7AB2C6-D399-42A8-8F4A-FFB381D15E1B};15
{C4AD21FF-143E-410F-AC24-E3E56ACE8E9F};Laboratorium Pengolahan dan Pemurnian;4;{ECF8FCA1-1B39-46A8-A57B-4941458C6E82};15
{C49658DC-35DB-4227-9236-AAD378204694};Laboratorium Kimia Terapan;4;{ECF8FCA1-1B39-46A8-A57B-4941458C6E82};15
{0CB825EA-FDEA-4F34-99F0-3966818B34A4};Laboratorium Elektronika Terapan;4;{583057BB-7885-469E-A908-8734472EC3C5};15
{18121B4E-3D8E-43C2-BBF3-1FF85623E17A};Laboratorium Elektronika Dasar;4;{583057BB-7885-469E-A908-8734472EC3C5};15
{547F5629-8D40-4D20-B2BF-5BAE0CD453C4};Laboratorium Programable Logic Controller;4;{583057BB-7885-469E-A908-8734472EC3C5};15
{39C458CE-57BE-4DD2-A41A-7698C3C7B249};Laboratorium Cyber Physical, Otomasi, dan Robot Industri;4;{583057BB-7885-469E-A908-8734472EC3C5};15
{2046260A-36D2-4C23-81E9-4305C689E068};Laboratorium Konversi Energi;4;{25AC5DE6-1EB9-4D7D-9DAD-13F5018A0010};15
{5F3E1BB5-4D38-4BAA-AC6A-64F2D2C1911C};Laboratorium Manufaktur;4;{25AC5DE6-1EB9-4D7D-9DAD-13F5018A0010};15
{9400E369-FD32-4F8A-9D45-9030C3732EB6};Laboratorium Perancangan Mekanik;4;{25AC5DE6-1EB9-4D7D-9DAD-13F5018A0010};15
{49741BF4-44E4-4676-815A-FE756D78E5F0};Laboratorium Material Teknik dan Metalurgi;4;{25AC5DE6-1EB9-4D7D-9DAD-13F5018A0010};15
{C9EE649C-441E-49DD-81C1-FCA40C82A94B};Laboratorium Mikrokontroler;4;{A0364179-6B3F-415E-9050-75EBE66F14EC};15
{CB183B96-EC9D-4081-BB84-87EF0BA3A8A8};Laboratorium Kontrol dan Proteksi Daya;4;{A0364179-6B3F-415E-9050-75EBE66F14EC};15
{454BBABE-A0F6-4EA1-9BF0-16E44B5A9068};Laboratorium Instrumentasi Industri;4;{A0364179-6B3F-415E-9050-75EBE66F14EC};15
{5E137C21-7373-4D6A-8D5C-F410071923D0};Laboratorium Bisnis Analitik;4;{FAB0153C-8B30-4659-B50F-9081DCFB0BC6};15
{E3F5F973-89B4-439D-8E4E-C210D443AA0C};Laboratorium Rekayasa Kualitas dan Produktivitas;4;{FAB0153C-8B30-4659-B50F-9081DCFB0BC6};15
{7A870078-6735-4303-B35C-DE76A734F694};Laboratorium Sistem Enterprise;4;{98836514-9A35-4007-8433-D2C0899E967F};15
{E76C380D-F86F-4721-BDE5-C993DB1BE8A9};Laboratorium Rekayasa Data Dan Intelegensi Bisnis;4;{98836514-9A35-4007-8433-D2C0899E967F};15
{7EEB2450-B7B7-4F1E-AF69-9C300E54920C};Laboratorium Manajemen Sistem Informasi;4;{98836514-9A35-4007-8433-D2C0899E967F};15
{8003B259-E153-4B5D-88C5-2EA8921BC1D4};Laboratorium Infrastruktur dan Keamanan Teknologi Informasi;4;{98836514-9A35-4007-8433-D2C0899E967F};15
{5E7541F0-5E4F-49DB-B4A8-BC55D98C87DE};Laboratorium Akuisisi Data dan Diseminasi Informasi;4;{98836514-9A35-4007-8433-D2C0899E967F};15
{8E94A1CB-0A48-4277-BB5E-464F98B325D8};Laboratorium Perilaku dan Lingkungan Interior;4;{747B77BD-9098-447A-9AF6-E2994BE53645};15
{A4963EDF-6CFC-47D1-A6F9-07D70CA59449};Laboratorium Sains Interior;4;{747B77BD-9098-447A-9AF6-E2994BE53645};15
{E5A13474-F53E-4BB6-AFCA-98E8AFC64502};Laboratorium Estetika dan Budaya;4;{747B77BD-9098-447A-9AF6-E2994BE53645};15
{2787A729-7AB4-48D8-BBA3-ED92F7C192E2};Laboratorium Integrated Digital Design;4;{1F95AF34-4842-4591-B5C3-DCDC3D79B0BF};15
{6505EDC5-9EB4-4340-B4B4-A8DF2D890BFE};Laboratorium Branding and Communication Strategy;4;{1F95AF34-4842-4591-B5C3-DCDC3D79B0BF};15
{374C5F29-3C86-48B5-8968-B12CAE1D071E};Laboratorium Strategic Design and Management;4;{1F95AF34-4842-4591-B5C3-DCDC3D79B0BF};15
{AD27A63C-881A-4772-A59B-7A67AC5AAD47};Laboratorium Human Centered Design;4;{1F95AF34-4842-4591-B5C3-DCDC3D79B0BF};15
{A44E7EE3-F215-42E8-9690-5DCD0183AEEC};Laboratorium Protomodel;4;{1F95AF34-4842-4591-B5C3-DCDC3D79B0BF};15
{B822DCC0-C157-4234-A056-7D98F68CF601};Laboratorium Digital Creative Media;4;{1F95AF34-4842-4591-B5C3-DCDC3D79B0BF};15
{5AE71022-685D-4577-8F61-91AC77DDB36B};Laboratorium Kewirausahaan dan Pengembangan Usaha Kecil Menengah;4;{56F09E6A-9351-4BEE-9A5A-47189DA05DB7};15
{22931024-9737-4761-B356-3B8C32B28EF8};Laboratorium Bisnis Analitik dan Strategi;4;{56F09E6A-9351-4BEE-9A5A-47189DA05DB7};15
{7D5C0618-8605-46F5-9012-9837ACD36F0A};Laboratorium Transportasi Laut dan Logistik;4;{D2C96085-B033-48E6-B9F8-4F283DE8696E};15
{6A420E0F-38D7-4BEA-A65B-F39B682FD07A};Laboratorium Telematika Transportasi Laut;4;{D2C96085-B033-48E6-B9F8-4F283DE8696E};15
{DCD0AA76-CECD-4DB5-BE87-C96EB3082310};Laboratorium Komputasi dan Riset Operasi;4;{D2C96085-B033-48E6-B9F8-4F283DE8696E};15
{D18EFB72-538D-4EA8-87DA-910303C6787D};Laboratorium Instrumentasi dan Pengolahan Sinyal Biomedika;4;{D12AE12C-BB63-40CF-A7DF-8E831F30A621};15
{01523206-BF0E-4A7F-931E-363C23D56239};Laboratorium Biocybernetics;4;{D12AE12C-BB63-40CF-A7DF-8E831F30A621};15
{1464088E-7013-477C-B8D2-3859B409BD0A};Laboratorium Rekayasa Perangkat Lunak;4;{1D0C94CD-68B8-4DB4-9AAE-2D01F0C70066};15
{19DC357A-F228-4639-B858-97C800880016};Laboratorium Komputasi Berbasis Jaringan;4;{1D0C94CD-68B8-4DB4-9AAE-2D01F0C70066};15
{06EF831A-DB0E-44C1-BBF1-1D48E793DE13};Laboratorium Algoritma dan Pemrograman;4;{1D0C94CD-68B8-4DB4-9AAE-2D01F0C70066};15
{EDD4E1F7-5826-4C7A-8DF0-B84D36A5DE5A};Laboratorium Dasar dan Terapan Komputasi;4;{1D0C94CD-68B8-4DB4-9AAE-2D01F0C70066};15
{FB65C31B-C580-4C59-8F55-C8995E975AEF};Laboratorium Manajemen Informasi;4;{1D0C94CD-68B8-4DB4-9AAE-2D01F0C70066};15
{C48734EB-72DE-45F3-8DE5-83D0EE8D6EF7};Laboratorium Interaksi, Grafik, dan Seni;4;{1D0C94CD-68B8-4DB4-9AAE-2D01F0C70066};15
{A9A2A38E-D999-47AE-B5CE-B94644805F71};Laboratorium Komputasi Cerdas dan Visi;4;{1D0C94CD-68B8-4DB4-9AAE-2D01F0C70066};15
{480F4C5B-B373-4F65-866F-B68E470D4E3A};Laboratorium Arsitektur dan Jaringan Komputer;4;{1D0C94CD-68B8-4DB4-9AAE-2D01F0C70066};15
{3BBD3E29-4038-45F8-A8D4-A3D678ED3ED8};Laboratorium Telematika;4;{F1928183-3E3E-40BF-B6A3-71C4299F06E1};15
{0CD6FDAA-894C-4A2F-AE76-583DF93FC612};Laboratorium Pengolahan Sinyal Digital;4;{F1928183-3E3E-40BF-B6A3-71C4299F06E1};15
{5B43F392-F386-4433-A612-A62D9A18721D};Laboratorium Komputasi Multimedia;4;{F1928183-3E3E-40BF-B6A3-71C4299F06E1};15
{D287CB8F-C6C1-4136-8758-E0D9C1213E7B};Laboratorium Konstruksi dan Kekuatan Kapal;4;{C0150805-8A5E-4645-986C-8B6B0266509B};15
{F9914F46-7E77-41ED-AE46-B15A19B99002};Laboratorium Teknologi Produksi dan Manajemen Perkapalan;4;{C0150805-8A5E-4645-986C-8B6B0266509B};15
{365A4CB1-BF69-4EFB-B15D-6A5A8E4DC24D};Laboratorium Hidrodinamika;4;{C0150805-8A5E-4645-986C-8B6B0266509B};15
{53825937-3D8A-4633-B040-03818C4DDCDD};Laboratorium Desain Kapal;4;{C0150805-8A5E-4645-986C-8B6B0266509B};15
{7535ACC2-8C7B-482E-BCA2-BD28F3AD3027};Laboratorium Geofisika Eksplorasi;4;{71E9F019-B4FD-446C-B0C9-4CE4F8532BAF};15
{818E29AB-7140-4172-9496-32009F700F0D};Laboratorium Geofisika Teknik dan Lingkungan;4;{71E9F019-B4FD-446C-B0C9-4CE4F8532BAF};15
{F825875F-2393-44C7-836A-2E6335E85066};Laboratorium Petrofisika;4;{71E9F019-B4FD-446C-B0C9-4CE4F8532BAF};15
{D8F85512-1139-490A-AEE5-2B625E3237B2};Laboratorium Geodinamika dan Lingkungan;4;{6B36C546-C953-44FC-B148-04AD0F103A72};15
{E76CABC1-BBFD-422D-9B2D-543E11CAA148};Laboratorium Geodesi dan Surveying;4;{6B36C546-C953-44FC-B148-04AD0F103A72};15
{96E8E821-5988-4371-B562-1AC70500ECC3};Laboratorium Geospasial;4;{6B36C546-C953-44FC-B148-04AD0F103A72};15
{3DDD5B69-06FA-4BD2-9382-7600BE56B034};Laboratorium Geomarin;4;{6B36C546-C953-44FC-B148-04AD0F103A72};15
{F43B067A-29F4-47D2-B458-2B157B9D5FC1};Laboratorium Kadaster dan Kebijakan Pertanahan;4;{6B36C546-C953-44FC-B148-04AD0F103A72};15
{89582B10-065D-40D9-AB36-1CE5F24407EE};Laboratorium Komputasi dan Analisa Perencanaan Keruangan;4;{0D0AE0A1-574F-4EFF-93C4-346FEEB1B56F};15
{F6BB82FA-C6BD-43F9-A64A-4AC8C3804D2F};Laboratorium Pengembangan dan Perancangan Perkotaan;4;{0D0AE0A1-574F-4EFF-93C4-346FEEB1B56F};15
{13A04C81-9EA3-46EE-B5F9-36F9CB63363B};Laboratorium Pengembangan Wilayah, Pesisir, dan Lingkungan;4;{0D0AE0A1-574F-4EFF-93C4-346FEEB1B56F};15
{CD9038A4-206D-4B17-A6F2-4E68F18E2293};Laboratorium Elektronika Cerdas;4;{BFC13DC1-950A-452B-AF8A-2E8DD3548CE0};15
{F34E96FA-B27A-4AD7-A5E7-C0FB5B18BBC4};Laboratorium Teknik Sistem dan Cybernetic;4;{BFC13DC1-950A-452B-AF8A-2E8DD3548CE0};15
{C965971D-E983-4A93-8918-13961FDA13A8};Laboratorium Instrumentasi Pengukuran dan Identifikasi Sistem Tenaga;4;{BFC13DC1-950A-452B-AF8A-2E8DD3548CE0};15
{CC9E7488-F6DE-4409-BACC-C77E4F2732F1};Laboratorium Komunikasi Multimedia;4;{BFC13DC1-950A-452B-AF8A-2E8DD3548CE0};15
{BE67075C-37C3-4F08-9F2B-A8441BB6C472};Laboratorium Simulasi Sistem Tenaga Listrik;4;{BFC13DC1-950A-452B-AF8A-2E8DD3548CE0};15
{F2DAE738-B817-4B42-93F9-1F8A1EBD91FF};Laboratorium Tegangan Tinggi;4;{BFC13DC1-950A-452B-AF8A-2E8DD3548CE0};15
{75D8009A-1297-47D9-922A-0D29DE4FB1A6};Laboratorium Konversi Energi Listrik;4;{BFC13DC1-950A-452B-AF8A-2E8DD3548CE0};15
{812BB8C2-9BCA-4AC6-9C2C-3A3A020E92BA};Laboratorium Mikroelektronika dan Sistem Tertanam;4;{BFC13DC1-950A-452B-AF8A-2E8DD3548CE0};15
{7AE9AE9B-50A6-4F10-BD34-EC8156ACBB42};Laboratorium Elektronika Industri;4;{BFC13DC1-950A-452B-AF8A-2E8DD3548CE0};15
{9927A393-B153-4FB4-969A-F9C9E4F84667};Laboratorium Teknik Pengaturan;4;{BFC13DC1-950A-452B-AF8A-2E8DD3548CE0};15
{C989E501-965F-43FB-92CD-35731F068EAD};Laboratorium Jaringan Telekomunikasi;4;{BFC13DC1-950A-452B-AF8A-2E8DD3548CE0};15
{5C570866-E354-4B78-818A-37011A222235};Laboratorium Antena dan Propagasi;4;{BFC13DC1-950A-452B-AF8A-2E8DD3548CE0};15
{9210A30C-ED81-4F12-9661-EAE0E3DAE85A};Laboratorium Otomasi dan Informatika Industri;4;{BFC13DC1-950A-452B-AF8A-2E8DD3548CE0};15
{E4939B52-6B1A-469B-AF2E-69A9381F844D};Laboratorium Struktur, Material dan Produksi Bangunan Laut;4;{5922B132-4BC2-4C8A-836E-55F53842C26B};15
{E0D10728-ECC4-4E78-9D98-58EE469919E7};Laboratorium Energi Laut ;4;{5922B132-4BC2-4C8A-836E-55F53842C26B};15
{ACEA2912-8873-4FE1-82E9-57C749AFDFA6};Laboratorium Hidrodinamika Bangunan Laut ;4;{5922B132-4BC2-4C8A-836E-55F53842C26B};15
{8D30144B-56DA-4E74-9F18-6472617F9418};Laboratorium Komputasi dan Pemodelan Numerik;4;{5922B132-4BC2-4C8A-836E-55F53842C26B};15
{24BEDB54-2799-4944-900C-31724EC33D25};Laboratorium Perancangan dan Konstruksi Bangunan Laut;4;{5922B132-4BC2-4C8A-836E-55F53842C26B};15
{4F8876FB-D49C-4159-BF61-C079D1326182};Laboratorium Pantai dan Lingkungan Laut;4;{5922B132-4BC2-4C8A-836E-55F53842C26B};15
{C714E836-C4E2-4055-A8F0-E8607D9F9C67};Laboratorium Perancangan dan Manufaktur;4;{88211E05-DE13-4131-8082-7594ADA2C244};15
{404CC8FD-F36D-4D8A-803E-167058169D11};Laboratorium Listrik Kapal dan Otomatisasi;4;{88211E05-DE13-4131-8082-7594ADA2C244};15
{46903EDC-07C7-4B14-9B9E-45435008405E};Laboratorium Mesin Fluida dan Sistem;4;{88211E05-DE13-4131-8082-7594ADA2C244};15
{B4198CB4-4F70-4E3C-A26F-7DA625B41DE5};Laboratorium Mesin Kapal;4;{88211E05-DE13-4131-8082-7594ADA2C244};15
{684E8EEA-4D39-45F0-9B3C-74FDC15D59A8};Laboratorium Keandalan dan Keselamatan Sistem;4;{88211E05-DE13-4131-8082-7594ADA2C244};15
{E35C303B-844D-4003-BFBE-D81DCCE006F3};Unit Pelaksana Teknis Medical Center ITS;5;{8C6BA397-6B3D-4B50-8EE1-0555D54AD0AE};18
{693BDA20-83D8-4365-BACD-C189970526FD};Unit Pelaksana Teknis ITS Press;5;{8C6BA397-6B3D-4B50-8EE1-0555D54AD0AE};18
{9D95B87C-4367-4BBF-90F3-8784D85D3BA4};Unit Pelaksana Teknis Asrama ITS;5;{8C6BA397-6B3D-4B50-8EE1-0555D54AD0AE};18
{E4E36DB8-DF66-4D9E-95CC-E69420CE81CE};Unit Pelaksana Teknis Bahasa dan Budaya ITS;5;{8C6BA397-6B3D-4B50-8EE1-0555D54AD0AE};18
{A4F3E9A7-EC1E-4272-8370-FCE2FB8A0653};Unit Pelaksana Teknis Fasilitas Umum ITS;5;{8C6BA397-6B3D-4B50-8EE1-0555D54AD0AE};18
{B851C0B0-F238-4618-9E3D-B794249F7EA1};Unit Pelaksana Teknis Fasilitas Olahraga ITS;5;{8C6BA397-6B3D-4B50-8EE1-0555D54AD0AE};18
{2FE6082F-B898-4DB0-91F6-0DB090C76FB8};Perpustakaan;3;{9EA19A31-6B43-4B65-937E-7D32B38D615B};19
{F7DFEEA6-019C-4333-86D3-2FA64805E939};Subdit Pengelolaan Teknologi Big Data;4;{B0EBE984-F041-4EEC-86B7-3B4730D51CCC};22
{9EB2E2FD-B5E9-47FF-8C6F-F8DD8A616CF8};Subdit Layanan TSI dan Implementasi Teknologi Cerdas;4;{B0EBE984-F041-4EEC-86B7-3B4730D51CCC};22
{86FB14D3-98A3-4B7A-BDE5-C4680E364A48};Subdit Pengabdian kepada Masyarakat;4;{B0A20E0A-1403-44DE-B227-CE57CE108DD4};22
{58B5C252-EF49-4BBA-93D8-1F706CEB7D31};Subdit Infrastruktur dan Keamanan TIK;4;{B0EBE984-F041-4EEC-86B7-3B4730D51CCC};22
{A920CBA2-3BD6-4EA8-9F81-6CE2433F77A3};Subdit Aplikasi dan Platform Digital;4;{B0EBE984-F041-4EEC-86B7-3B4730D51CCC};22
{BDDCDA90-CF81-46A8-97C0-08E13E37FB86};Subdit Riset dan Publikasi Ilmiah;4;{B0A20E0A-1403-44DE-B227-CE57CE108DD4};22
{09ECA3DA-8D1A-47E7-B81B-F2F20825740B};Subdit Pengembangan Kewirausahaan dan Karir;4;{141119E9-E787-4404-BBE7-DCDA67F5004C};22
{DEB74A44-FA2B-4AC4-A77A-B5278267493F};Subdit Pendidikan Pascasarjana dan Profesi;4;{D88F8CE4-1D9D-4158-A051-37CE97C4C0DC};22
{65F80EC5-8F90-4057-A59F-B78275BEEC85};Subdit Admisi;4;{9D7496A4-831F-4F12-800C-65A822408F27};22
{9723C3EB-527D-437A-B27A-4BC6C518AA3F};Subdit Koordinasi Perkuliahan Bersama;4;{9D7496A4-831F-4F12-800C-65A822408F27};22
{16F5C7AC-8956-41E9-BDBD-3FFCB3D198FA};Subdit Kerjasama Akademik;4;{D88F8CE4-1D9D-4158-A051-37CE97C4C0DC};22
{5FD836DD-F667-4B03-A940-53E02CFBF189};Subdit Pengembangan Akademik;4;{D88F8CE4-1D9D-4158-A051-37CE97C4C0DC};22
{73C30A3C-765E-4352-AA14-3D6FF9F5C0A3};Subdit Pengembangan dan Evaluasi Organisasi;4;{F842552D-1213-4EF7-A667-89AFE5849ED8};22
{8CDD86A7-A62E-431D-8785-D25B09D3F5B9};Subdit Pengembangan dan Evaluasi SDM;4;{F842552D-1213-4EF7-A667-89AFE5849ED8};22
{0E60CEDC-C8DF-4619-8CD5-73F44BAA0DEF};Subdit Perencanaan Sarana Prasarana dan Logistik;4;{CA224234-7E54-4065-B849-967650B592DA};22
{2A46D74D-93A4-4CF7-B893-44310A74BD66};Subdit Pengawasan Implementasi Master Plan;4;{CA224234-7E54-4065-B849-967650B592DA};22
{070D3480-AB10-435D-8B7A-C8B0FF5727CF};Subdit Perencanaan Anggaran dan Evaluasi Pengembangan;4;{CA224234-7E54-4065-B849-967650B592DA};22
{E000313A-484A-497B-90E8-6B0D4196AC84};Subdit Pengembangan Kemahasiswaan;4;{141119E9-E787-4404-BBE7-DCDA67F5004C};22
{5D024A01-6FDD-4785-9B68-B5E4AC521B08};Seksi Pengembangan Talenta;5;{E000313A-484A-497B-90E8-6B0D4196AC84};23
{D3B2249A-4C73-4D31-A9ED-8DEFEF858C4A};Seksi Pengembangan Karakter;5;{E000313A-484A-497B-90E8-6B0D4196AC84};23
{5E3F4D65-4E38-4404-8333-F2B4B88AD0B1};Seksi Pengembangan dan Evaluasi Kurikulum;5;{5FD836DD-F667-4B03-A940-53E02CFBF189};23
{8B353CF5-5858-4509-86AA-52255DD91A82};Seksi Lembaga Sertifikasi Profesi;5;{DEB74A44-FA2B-4AC4-A77A-B5278267493F};23
{0DE7DE7B-1E01-4EF3-80A7-690A1E0D5ACD};Seksi Pengelolaan Magang Industri;5;{09ECA3DA-8D1A-47E7-B81B-F2F20825740B};23
{229D7E33-0968-46CC-B98C-929784E0593F};Seksi Bimbingan Konseling dan Kewirausahaan;5;{09ECA3DA-8D1A-47E7-B81B-F2F20825740B};23
{5868001C-F4A2-4D30-ACF3-736C2BE8E7CF};Seksi Implementasi Keintegrasian Aplikasi;5;{A920CBA2-3BD6-4EA8-9F81-6CE2433F77A3};23
{060B9D4D-8E8D-4B45-AA91-E4CE86952EAE};Seksi Hubungan Pelanggan dan Perencanaan Bisnis;5;{9EB2E2FD-B5E9-47FF-8C6F-F8DD8A616CF8};23
{A857C863-0765-4DED-9E43-518859B351A2};Bagian Tata Usaha dan Keuangan DIKST;4;{653BB177-83F9-4758-BA4F-F49B82099F6A};24
{967C903C-FD31-47F6-A6E9-48BD8221E231};Bagian Tata Usaha dan Keuangan DKPU;4;{C1A4DFA1-B549-49FF-8AB5-E69B0684375E};24
{6128A813-483D-4F4E-B69D-CCC725420BFD};Bagian Implementasi Reformasi Birokrasi;4;{142D6BC7-5395-4DBD-B63F-31524F093830};24
{B855BB50-1EDB-4174-B351-E9D815F95CC3};Bagian Administrasi Umum dan Kearsipan Digital;4;{142D6BC7-5395-4DBD-B63F-31524F093830};24
{416BC22F-5F72-44CB-8D2E-366DBDEF96F8};Bagian Akuntansi dan Pelaporan Keuangan;4;{B5394232-7B77-456E-B01B-6F52E95F923A};24
{21146B95-05CF-4625-9A30-99E39EDB57BB};Bagian Tata Usaha dan Keuangan DRPM;4;{B0A20E0A-1403-44DE-B227-CE57CE108DD4};24
{F4347006-94C0-4E0B-81E6-86074CDA8E1E};Bagian Layanan Pendidikan;4;{9D7496A4-831F-4F12-800C-65A822408F27};24
{ED3A1460-844D-4650-957F-118DD4DE2F32};Bagian Logistik dan Keamanan;4;{DFB2F985-7EB5-4D3D-99D8-AB4072A5F353};24
{69934B3A-3DC1-41CE-A768-231C2C06C463};Bagian Perbendaharaan;4;{B5394232-7B77-456E-B01B-6F52E95F923A};24
{548BB34D-4BF6-4F99-88FE-C9172811067A};Bagian Layanan Kepegawaian;4;{F842552D-1213-4EF7-A667-89AFE5849ED8};24
{78FA0758-52AF-4E0B-88CA-40DB87A3D470};Bagian Layanan Kemahasiswaan;4;{141119E9-E787-4404-BBE7-DCDA67F5004C};24
{B5E74879-ADE0-4A1D-B0F8-10713C9A2FC4};Bagian Pengelolaan Sarana Prasarana;4;{DFB2F985-7EB5-4D3D-99D8-AB4072A5F353};24
{52B445A6-40F2-4F39-BF28-761F2487C236};Bagian Tata Usaha Fakultas Sains dan Analitika Data;3;{FAC23AC4-8A7E-482D-98CB-8F8177E86832};24
{3CED0F1A-0805-4D1B-A579-AF157AE2CA01};Bagian Tata Usaha Fakultas Teknologi Industri dan Rekayasa Sistem;3;{21ADBDA5-DDEA-4FE0-B6CA-0BA72C91A064};24
{C7DC1769-795E-40DD-A245-C27B565F91E1};Bagian Tata Usaha Fakultas Teknik Sipil, Perencanaan, dan Kebumian;3;{4AE0BA8F-4CE5-4427-AC1D-326CB977A908};24
{CF8476EE-A822-43E8-BF3A-B37C9230DFCE};Bagian Tata Usaha Fakultas Vokasi;3;{77B47F90-EA1A-474C-9B66-F9A3E7904894};24
{C6FCD220-BB9B-4B49-B7F0-34A8F68229F1};Bagian Tata Usaha Fakultas Teknologi Kelautan;3;{FF742A2B-5B08-4454-B4AD-B05F4213ADC8};24
{8D559297-2526-45D7-8F19-7B66B35962EC};Bagian Tata Usaha Fakultas Teknologi Elektro dan Informatika Cerdas;3;{8ECEFD71-51CD-4FE8-BF20-CBAF6925C08F};24
{756D3B0B-E9DF-4D58-83D6-1D6180B89F1C};Bagian Tata Usaha Fakultas Desain Kreatif dan Bisnis Digital;3;{30059081-ACD9-475D-92BA-F5CB3DF14C83};24
{B2AC05B0-503F-4BBF-8221-4E84301BE069};Subbagian Tata Usaha Departemen Desain Produk;4;{1F95AF34-4842-4591-B5C3-DCDC3D79B0BF};25
{5F841A87-6537-4362-8BA6-69231DADA188};Subbagian Tata Usaha Departemen Teknologi Informasi;4;{3E9E8626-0C05-4336-8FB7-357626327A4A};25
{BD747134-2901-4C6A-9061-667A1119AE1A};Subbagian Tata Usaha Departemen Manajemen Bisnis;4;{56F09E6A-9351-4BEE-9A5A-47189DA05DB7};25
{7ADC63B6-9312-4C1A-900F-79F0AAB6CAC7};Subbagian Tata Usaha Departemen Desain Komunikasi Visual;4;{9955FC2D-3203-4B08-AEFC-31DC69B01F19};25
{264453A9-3EE5-4321-8F77-4A9906AB2ADD};Subbagian Tata Usaha Departemen Desain Interior;4;{747B77BD-9098-447A-9AF6-E2994BE53645};25
{145DE9F0-227B-4F94-A9E6-8BA004CA754A};Subbagian Tata Usaha Departemen Teknik Transportasi Laut;4;{D2C96085-B033-48E6-B9F8-4F283DE8696E};25
{57776A8B-6D4C-49B2-A519-002DE69129C3};Subbagian Tata Usaha Departemen Teknik Komputer;4;{F1928183-3E3E-40BF-B6A3-71C4299F06E1};25
{112CFF6B-73B4-4566-89D8-9E3755586BFD};Subbagian Tata Usaha Departemen Teknik Biomedik;4;{D12AE12C-BB63-40CF-A7DF-8E831F30A621};25
{C3F7109A-B9A8-47FF-82CE-CF294DE8DF2C};Subbagian Tata Usaha Departemen Teknik Elektro;4;{BFC13DC1-950A-452B-AF8A-2E8DD3548CE0};25
{139F3FD8-F85C-460D-975C-7375EF339952};Subbagian Tata Usaha Departemen Sistem Informasi;4;{98836514-9A35-4007-8433-D2C0899E967F};25
{3FC9C929-7C87-421F-8849-A468D2CEF48F};Subbagian Tata Usaha Departemen Teknik Informatika;4;{1D0C94CD-68B8-4DB4-9AAE-2D01F0C70066};25
{9C400B3A-ADE5-4025-B77F-C58B7D050E43};Subbagian Tata Usaha Departemen Teknik Geofisika;4;{71E9F019-B4FD-446C-B0C9-4CE4F8532BAF};25
{FD4AB8FB-7448-4B74-BA07-C2BB83253717};Subbagian Tata Usaha Departemen Teknik Sistem Perkapalan;4;{88211E05-DE13-4131-8082-7594ADA2C244};25
{21080905-8318-43EA-BC44-42C7D0615ADE};Subbagian Tata Usaha Departemen Teknik Perkapalan;4;{C0150805-8A5E-4645-986C-8B6B0266509B};25
{4608893A-5079-4F5C-BF0A-93708FE5A04E};Subbagian Tata Usaha Departemen Teknik Geomatika;4;{6B36C546-C953-44FC-B148-04AD0F103A72};25
{410CBE45-DD4D-44CB-971A-8E498728274B};Subbagian Tata Usaha Departemen Perencanaan Wilayah dan Kota;4;{0D0AE0A1-574F-4EFF-93C4-346FEEB1B56F};25
{4997F737-8909-4503-9DAF-C76494C3338F};Subbagian Tata Usaha Departemen Teknik Kelautan;4;{5922B132-4BC2-4C8A-836E-55F53842C26B};25
{AC33CD85-158D-497F-A49A-112A34E21003};Subbagian Tata Usaha Departemen Teknik Infrastruktur Sipil;4;{5D802CC3-C03E-43C9-A831-F241E560B78A};25
{AB12ED88-C8A1-47A6-9B17-1DE599FA9796};Subbagian Tata Usaha Departemen Manajemen Teknologi;4;{DE7AB2C6-D399-42A8-8F4A-FFB381D15E1B};25
{BA0FA430-BF10-4304-BA60-C785245B3BF0};Subbagian Tata Usaha Departemen Studi Pembangunan;4;{A68DF11A-08D4-42E7-B878-5730B1B5B4E9};25
{B8589CC4-E973-4FB8-AC67-407C2405F902};Subbagian Tata Usaha Departemen Teknik Elektro Otomasi;4;{583057BB-7885-469E-A908-8734472EC3C5};25
{E7F8E208-4826-40D1-B905-4971C5C535F9};Subbagian Tata Usaha Departemen Teknik Mesin Industri;4;{25AC5DE6-1EB9-4D7D-9DAD-13F5018A0010};25
{275ACECD-315A-48C2-A0C8-62F89D1D664F};Subbagian Layanan dan Pengembangan;4;{2FE6082F-B898-4DB0-91F6-0DB090C76FB8};25
{159BCFD1-9699-43BF-ABC8-AFF6AA737B56};Subbagian Tata Usaha Departemen Statistika Bisnis;4;{FAB0153C-8B30-4659-B50F-9081DCFB0BC6};25
{8FC4C30C-5DDA-4DE4-87B5-17B711BEB8B7};Subbagian Tata Usaha Departemen Teknik Instrumentasi;4;{A0364179-6B3F-415E-9050-75EBE66F14EC};25
{752E3662-B9F0-48D6-ABC8-C5673EFE825B};Subbagian Tata Usaha Departemen Teknik Kimia Industri;4;{ECF8FCA1-1B39-46A8-A57B-4941458C6E82};25
{0BBB42B4-D8DB-40C5-99BD-4E39E0E7E85F};Subbagian Tata Usaha Departemen Teknik Material dan Metalurgi;4;{D04E9EC3-620D-401E-977E-5E9213DC48BC};25
{8B53CE2B-AB30-4430-A4F9-9D958B473CD2};Subbagian Tata Usaha Departemen Arsitektur;4;{067F74F3-1D3D-4AE5-99A5-BE7DC5794346};25
{0E248972-BBF9-4338-9E4B-408EFAE72389};Subbagian Tata Usaha Departemen Teknik Sipil;4;{9E2ACF0E-D1A2-432A-861F-D170A1BB3A14};25
{C85AE8B4-594E-41EF-9B73-55BDEB3EAEF5};Subbagian Tata Usaha Departemen Teknik Lingkungan;4;{48914A29-488B-47CE-944B-9F5792ADBF61};25
{94A3E4D3-C75A-44AC-931B-6984FF263D99};Subbagian Tata Usaha Departemen Teknik Sistem dan Industri;4;{1FC2B474-14B2-4344-86F4-75DCB387F600};25
{CFEB9E9D-5966-4AA3-AD35-F9C480A3100B};Subbagian Tata Usaha Departemen Teknik Fisika;4;{61704DE5-2E33-41DD-BC93-27622D9F5DD6};25
{19404FDB-A720-4C2B-9D8D-1C1D1B67A2CA};Subbagian Tata Usaha Departemen Teknik Kimia;4;{2590B1DF-D6EC-4968-BF05-37F8F69377C8};25
{AA8BA4B2-B055-4390-B295-0DD7A7B8DD9C};Subbagian Tata Usaha Departemen Teknik Mesin;4;{9961DA5F-8287-423F-BC78-64084CAE09F8};25
{D80F2B7B-F8E8-4B26-B07B-C71A12DB1370};Subbagian Tata Usaha Departemen Aktuaria;4;{AEA8C02A-6902-461F-9E5E-121964B46494};25
{296D195A-A406-48BB-A0D8-202C5D6AE809};Subbagian Tata Usaha Departemen Fisika;4;{399F1740-C3B3-4B17-9CC8-A6530656F41B};25
{8B676212-87D5-4F76-8D88-995227DBB430};Subbagian Tata Usaha Departemen Biologi;4;{99F05421-F893-4226-A415-3A8E17EADE38};25
{1F5CC0C5-60E3-49B4-890D-987E9CEC1F18};Subbagian Tata Usaha Departemen Kimia;4;{E473B3F3-A86B-45C3-8041-1ED11A37D63F};25
{E33E9CB0-1D9A-4CE5-8E73-9D21082E5F2F};Subbagian Tata Usaha Departemen Statistika;4;{AE9D1371-CF41-40A7-93E3-7D7D495F6F7C};25
{C3E4C49D-65D5-4ADD-9E71-E32EF9AED501};Subbagian Tata Usaha Departemen Matematika;4;{21F5FACF-2500-42D0-A67A-B1F631AC92C2};25
{DFCD8BD5-5CD6-4183-B0FC-67E1BA132C9F};Subbagian Pemeliharaan Sarana;5;{B5E74879-ADE0-4A1D-B0F8-10713C9A2FC4};25
{7FA8100D-C174-400D-B2EC-29DDFE1DB73E};Subbagian Pemeliharaan Prasarana dan Ruang Terbuka Hijau;5;{B5E74879-ADE0-4A1D-B0F8-10713C9A2FC4};25
{787AC7D6-6A64-4145-AFFA-07CDC9F890C8};Subbagian Pengawasan Pembangunan Sarana dan Prasarana;5;{2A46D74D-93A4-4CF7-B893-44310A74BD66};25
{A08A74E7-41F3-433A-A110-9D2F85523DCB};Subbagian Layanan Data Kemahasiswaan;5;{78FA0758-52AF-4E0B-88CA-40DB87A3D470};25
{9FE4B682-C91A-40E1-AED6-DF43CDD41498};Subbagian Layanan Beasiswa dan Kesejahteraan Mahasiswa;5;{78FA0758-52AF-4E0B-88CA-40DB87A3D470};25
{0B235AF1-F8A8-4ADA-99CC-D575E859E5F8};Subbagian Penyusunan Anggaran;5;{070D3480-AB10-435D-8B7A-C8B0FF5727CF};25
{95650353-221E-4971-BACF-8F281715C5EE};Subbagian Pengendalian Anggaran;5;{070D3480-AB10-435D-8B7A-C8B0FF5727CF};25
{FCCFE236-10E0-4C58-B7FC-369CEEEF5968};Subbagian Layanan Kepegawaian Dosen;5;{548BB34D-4BF6-4F99-88FE-C9172811067A};25
{70C74BF9-9BDA-4529-B6F5-6C3C4133EB1D};Subbagian Layanan Kepegawaian Tenaga Kependidikan;5;{548BB34D-4BF6-4F99-88FE-C9172811067A};25
{53639217-C96B-430D-A957-AF49C21087A9};Subbagian Perbendaharaan APBN;5;{69934B3A-3DC1-41CE-A768-231C2C06C463};25
{D8C52B8F-2E62-4A3B-B4DF-1736008451DF};Subbagian Perbendaharaan Non APBN;5;{69934B3A-3DC1-41CE-A768-231C2C06C463};25
{C99E5C4F-EB67-4224-99A6-DDF73302FF7C};Subbagian Pemantauan dan Evaluasi Pendidikan;5;{F4347006-94C0-4E0B-81E6-86074CDA8E1E};25
{72857270-B829-4A93-B219-5F1764448629};Subbagian Layanan Registrasi Data dan Pendidikan;5;{F4347006-94C0-4E0B-81E6-86074CDA8E1E};25
{F56BC937-747C-4B9F-9D88-56BCEA7D8CD8};Subbagian Program Internasionalisasi;3;{4071986F-EB74-429B-970B-3525424F17EA};25
{1DAE7529-E541-4672-BCB2-DF965C8D7030};Subbagian Layanan Hukum;4;{89CF4FAC-CA86-4E91-9F03-5CB55F75F8CA};25
{DFEADCE2-CB80-4C46-B6F2-12C433F1FA93};Subbagian Administrasi Audit Internal;3;{95E9E37A-BDE9-41E7-8285-8A2D1A674B65};25
{AA45C579-981D-4149-BB8F-E528094B213C};Subbagian Adminstrasi Penjaminan Mutu;3;{8781C710-70E3-4C63-8C4D-02880FA294D2};25
{77196AEC-60C6-4793-9A83-8CA64818A749};Subbagian Administrasi Sekretaris Institut;3;{08045855-EF0D-4937-B005-70B303FD98F1};25
{344990A7-081E-454E-9D97-26DF025D3C48};Subbagian Humas dan Protokoler;4;{48E2664E-B8C8-4CC0-A975-9169056151C3};25
{47F065EA-FDD1-4C7B-A610-7FF0D2D4E97D};Subbagian Perbendaharaan dan Pelaporan Keuangan DRPM;5;{21146B95-05CF-4625-9A30-99E39EDB57BB};25
{95635F0F-4CE5-4914-B69C-964A73FA5F19};Subbagian Akuntansi dan Perpajakan;5;{416BC22F-5F72-44CB-8D2E-366DBDEF96F8};25
{7CEE4FCB-31AB-455B-9747-91645455A13B};Subbagian Pelaporan Keuangan;5;{416BC22F-5F72-44CB-8D2E-366DBDEF96F8};25
{6F264160-2E65-441E-A2E6-EC60F48F25FB};Subbagian Inventarisasi Aset;5;{416BC22F-5F72-44CB-8D2E-366DBDEF96F8};25
{5E80B5DB-4E61-4FD3-8CE0-5456DCA7EFE9};Subbagian Tata Usaha dan Kesekretariatan;5;{B855BB50-1EDB-4174-B351-E9D815F95CC3};25
{B41C9CC4-5BC9-4D2E-94D1-CCEA246A650D};Subbagian Kearsipan dan Dokumentasi Multimedia;5;{B855BB50-1EDB-4174-B351-E9D815F95CC3};25
{E69AD9E9-BC8A-44C8-AA67-BD391D8D31F3};Subbagian Pusat Layanan Terpadu;5;{6128A813-483D-4F4E-B69D-CCC725420BFD};25
{6F285C8E-FCB0-4BBF-828F-2C527DD2E62F};Subbagian Keselamatan, Kesehatan Kerja, dan Lingkungan;5;{6128A813-483D-4F4E-B69D-CCC725420BFD};25
{76ABF9ED-25CA-49F9-80AA-679B368C32DD};Subbagian Layanan Logistik dan Transportasi;5;{ED3A1460-844D-4650-957F-118DD4DE2F32};25
{6C172D1A-CEF5-47D2-8F5B-595277CC5BCD};Subbagian Perbendaharaan dan Pelaporan Keuangan DKPU;5;{967C903C-FD31-47F6-A6E9-48BD8221E231};25
{DB1B1E1B-01B7-405B-B3D8-AEC7B1471D61};Subbagian Perbendaharaan dan Pelaporan Keuangan DIKST;5;{A857C863-0765-4DED-9E43-518859B351A2};25
{BA1BE635-2222-4958-9DD7-C6E015F922FB};Unit Inkubator dan Layanan Bisnis Inovatif;4;{653BB177-83F9-4758-BA4F-F49B82099F6A};26
{4780C191-A4C6-431A-85E0-F75638F9E8F6};Unit Kluster Inovasi Otomotif;5;{BA1BE635-2222-4958-9DD7-C6E015F922FB};26
{7E5E315B-7CDD-4EE8-A65C-1B3A61AC5AD3};Unit Kluster TIK dan Robotika;5;{BA1BE635-2222-4958-9DD7-C6E015F922FB};26
{2224FA5E-9084-4E17-86E1-DFC7DE37EEB1};Unit Kluster Industri Kreatif;5;{BA1BE635-2222-4958-9DD7-C6E015F922FB};26
{BBCFC10F-1F6A-4A8F-BA86-14390E179E7F};Unit Kluster Kemaritiman;5;{BA1BE635-2222-4958-9DD7-C6E015F922FB};26
{98ABB035-7333-49EB-9D73-E2A45DE1B1B9};Unit Akses Permodalan dan Kealumnian;4;{653BB177-83F9-4758-BA4F-F49B82099F6A};26
{8C6BA397-6B3D-4B50-8EE1-0555D54AD0AE};Unit Pengelola Usaha Mandiri;4;{C1A4DFA1-B549-49FF-8AB5-E69B0684375E};26
{E8DA8F96-23F5-4082-8B8F-99CF9A355E98};Unit Pengelola Kerjasama;4;{C1A4DFA1-B549-49FF-8AB5-E69B0684375E};26
{EB863F41-40E6-4EBE-BF0B-D30F8037E4A7};ITS;0;\0;36
{82BBB880-9005-4A2B-A3B4-9588F9BE8286};Pusat Publikasi Ilmiah;5;{BDDCDA90-CF81-46A8-97C0-08E13E37FB86};26
{87CE4CB9-134B-4C02-B4AE-4E9D202F151D};Pusat Kecerdasan Artifisial dan Teknologi Kesehatan ;5;{BDDCDA90-CF81-46A8-97C0-08E13E37FB86};33
{89CF4FAC-CA86-4E91-9F03-5CB55F75F8CA};Unit Layanan Hukum dan Pengelolaan Risiko;3;{08045855-EF0D-4937-B005-70B303FD98F1};26
{48E2664E-B8C8-4CC0-A975-9169056151C3};Unit Komunikasi Publik;3;{08045855-EF0D-4937-B005-70B303FD98F1};26
{B02BFB98-B0FA-4461-BFF1-3C6EAACBB9EC};Unit Pengelolaan Pengendalian Program;3;{08045855-EF0D-4937-B005-70B303FD98F1};26
{213C623C-3CAD-49DD-ABCC-4B8513406FC0};Unit Penjaminan Mutu Akademik dan Kemahasiswaan;3;{8781C710-70E3-4C63-8C4D-02880FA294D2};26
{53F40C17-3046-42A3-BE21-498E8609071A};Unit Penjaminan Mutu Penelitian dan Pengabdian pada Masyarakat;3;{8781C710-70E3-4C63-8C4D-02880FA294D2};26
{9EFABE1F-FE20-43FF-A9D8-3100FDB48055};Unit Audit Internal Keuangan dan Pengadaan;3;{95E9E37A-BDE9-41E7-8285-8A2D1A674B65};26
{DD49B606-823F-42F5-8D52-1CB561C5C9B5};Unit Audit Internal Sarana Prasarana dan Kepegawaian;3;{95E9E37A-BDE9-41E7-8285-8A2D1A674B65};26
{A563A5B3-D219-4BA5-A2A7-05C769264422};Unit Promosi dan Mobilitas Internasional;3;{4071986F-EB74-429B-970B-3525424F17EA};26
{850EE45A-03DF-430A-82D1-A1A2F50A316D};Unit Kerjasama Internasional;3;{4071986F-EB74-429B-970B-3525424F17EA};26
{49B1D2A2-6306-4DFE-B496-75A1DA881462};Unit Urusan World Class University;3;{4071986F-EB74-429B-970B-3525424F17EA};26
{FECEB23B-BC16-407B-87A4-02A28B19AE60};Satuan Keamanan Kampus;5;{ED3A1460-844D-4650-957F-118DD4DE2F32};26
{FF725DEE-20A3-4B71-971A-ED1702C469B1};Unit Pengembangan Smart Eco Campus;3;{6CF096E8-A3EC-4DE9-9DE5-6020C794EF41};26
{F3B4F3AD-D048-44B0-89AD-DDA1E11AAFAE};Unit Kerja Pengadaan Barang dan Jasa;3;{86B420A2-2FF0-44FD-A3CA-E150154A1D96};26
{44246A3A-EDD9-4A23-BFCC-1650052AEAC7};Pendidikan Profesi Arsitektur;4;{067F74F3-1D3D-4AE5-99A5-BE7DC5794346};14
{238A074B-89B2-42BB-B1AA-F44425BBDFA8};Join Degree In Marine Engineering;4;{88211E05-DE13-4131-8082-7594ADA2C244};14
{F7B8DABE-AA0B-42CE-A784-B5984A81767F};Studio Perancangan;4;{5922B132-4BC2-4C8A-836E-55F53842C26B};16
{2B9951C2-D711-4E2C-ABE8-8656BBD01975};Studio Gambar;4;{C0150805-8A5E-4645-986C-8B6B0266509B};16
{E56C83D9-F05B-4AE4-8DCF-B43C7B88354E};Studio Aplikasi Terapan;4;{98836514-9A35-4007-8433-D2C0899E967F};16
{A067A5D3-20BF-4F82-BF4A-5EF5C499DA43};Studio Pemrograman Sistem Informasi;4;{98836514-9A35-4007-8433-D2C0899E967F};16
{B095BA6C-37A0-4B54-A4C3-F0D3E478BA11};Sub unit Pengelolaan Risiko;4;{89CF4FAC-CA86-4E91-9F03-5CB55F75F8CA};27
{DE0B9538-8CFC-4422-B73D-2E86CD7E35AB};Sub Unit Pengelolaan Kinerja;4;{B02BFB98-B0FA-4461-BFF1-3C6EAACBB9EC};27
{56BF9DBE-5FDB-40D6-B55D-DDCE549C1B46};Sub Unit Pengendalian Program;4;{B02BFB98-B0FA-4461-BFF1-3C6EAACBB9EC};27
{11B4C455-231A-4E33-A4D5-0F47B4E410BD};Sub Unit Promosi dan Citra Institusi;4;{48E2664E-B8C8-4CC0-A975-9169056151C3};27
{20F57F0A-2B66-4851-910F-25440AD681EB};Pusat Penelitian Material Maju dan Teknologi Nano;5;{BDDCDA90-CF81-46A8-97C0-08E13E37FB86};33
{704CE047-F0B7-4B76-92F7-782D738CCDCB};Pusat Penelitian Internet of Things dan Teknologi Pertahanan;5;{BDDCDA90-CF81-46A8-97C0-08E13E37FB86};33
{71D473EF-BE53-4912-B0A6-34E607CCE24C};Pusat Penelitian Agri-pangan dan Bioteknologi;5;{BDDCDA90-CF81-46A8-97C0-08E13E37FB86};33
{AF6C5623-A0E4-4D1D-848E-6E0680E1C6F8};Pusat Penelitian Mitigasi Kebencanaan dan Perubahan Iklim ;5;{BDDCDA90-CF81-46A8-97C0-08E13E37FB86};33
{4C12C79D-D191-46D2-B422-FB23B150D613};Pusat Penelitian Sains dan Teknologi Kelautan-Kebumian ;5;{BDDCDA90-CF81-46A8-97C0-08E13E37FB86};33
{D353726C-55FF-4B7E-8362-F76146A3A685};Pusat Penelitian Sains Fundamental;5;{BDDCDA90-CF81-46A8-97C0-08E13E37FB86};33
{4E9F515E-0F7A-43E3-84E6-31C3030E0ED8};Pusat Penelitian Infrastruktur dan Lingkungan Berkelanjutan;5;{BDDCDA90-CF81-46A8-97C0-08E13E37FB86};33
{2BBF9B88-D10D-4C96-BC51-245C30FF0CCD};Pusat Penelitian Manufaktur, Transportasi dan Logistik;5;{BDDCDA90-CF81-46A8-97C0-08E13E37FB86};33
{7628DC35-30B3-4B48-AF6B-EE02B1B1192C};Pusat Penelitian Energi Berkelanjutan;5;{BDDCDA90-CF81-46A8-97C0-08E13E37FB86};33
{CB0FE547-38E0-471C-AD24-296ABE863254};Pusat Unggulan IPTEK (PUI) Sistem Kontrol Otomotif ;5;{BDDCDA90-CF81-46A8-97C0-08E13E37FB86};34
{E1FF860C-E7AE-43C3-8EC8-D8F5ED58915D};Pusat Unggulan IPTEK (PUI) Keselamatan Kapal dan Instalasi Laut;5;{BDDCDA90-CF81-46A8-97C0-08E13E37FB86};34
{3692CC80-83FC-41D5-84FD-3F385380D462};Pusat Unggulan IPTEK (PUI) Mekatronika dan Otomasi Industri;5;{BDDCDA90-CF81-46A8-97C0-08E13E37FB86};34
{8881FA26-DC05-400C-B8FA-F050C0C73B66};Pusat Unggulan IPTEK (PUI) Desain;5;{BDDCDA90-CF81-46A8-97C0-08E13E37FB86};34
{0764D603-FFBC-481B-914C-CFA55D19FA15};Pusat Kajian Potensi Daerah dan Pemberdayaan Masyarakat;5;{86FB14D3-98A3-4B7A-BDE5-C4680E364A48};35
{FC2B9B00-AF4A-45F6-BC49-24AEAF417033};Pusat Kajian Teknologi Tepat Guna;5;{86FB14D3-98A3-4B7A-BDE5-C4680E364A48};35
{85FD593A-5E0B-4A51-98F4-EA8161C19096};Pusat Kajian Halal;5;{86FB14D3-98A3-4B7A-BDE5-C4680E364A48};35
{BCBCC20B-8DD1-462A-ACEF-458CD6AC65FA};Pusat Kajian Sustainable Development Goals;5;{86FB14D3-98A3-4B7A-BDE5-C4680E364A48};35
{DECC9E1F-AE05-4BE8-AFB7-8F1EFEC28696};Pusat Kajian Kebijakan Publik Bisnis dan Industri;5;{86FB14D3-98A3-4B7A-BDE5-C4680E364A48};35
{51845692-9914-41FA-AEF1-320841DD2849};S3 Matematika;4;\0;14
{83E4C3F2-3A4C-4EBE-88D2-D6A66307EC22};Program Profesi Insinyur (Lama);4;\0;14
{26E35DE6-9023-4033-A9F6-B66901037C61};D3 T. Permesinan kapal;4;\0;14
{B66AA19E-5F07-4FA8-857A-0A03010016D4};D3 T. Kelistrikan kapal;4;\0;14
{CDA961EA-456A-441A-9BAC-3D0468736280};D4 T. K3;4;\0;14
{FCA2854B-2F38-42FE-A9D7-5EC6960FEE94};D3 T. Elektronika;4;\0;14
{B074DCAA-DA49-4F1D-B058-CB449542E044};D4 T. Elektronika;4;\0;14
{540F5C43-407A-42A2-96F1-840EDAD4BD46};D3 T. Telekomunikasi;4;\0;14
{3B446795-5E91-4187-9AD5-306C793DBCBC};D4 T. Telekomunikasi;4;\0;14
{108F3BC1-EA43-4E5A-9E1F-80E098FB492D};D3 T. Elektro Industri;4;\0;14
{BF4937DC-AD9F-488A-B522-99233B938946};D4 T. Elektro Industri;4;\0;14
{AB3FF778-5900-4995-946D-B062645D0C00};D3 Teknik Informatika;4;\0;14
{5AB568F3-6BB4-4152-B770-A3EBB7DE37ED};D4 Teknik Informatika;4;\0;14
{6A00D521-3828-4969-BB2D-AF0B400788D8};D3 T. Bangunan kapal;4;\0;14
{4DB592ED-96F4-4785-808E-E6D5D2B8A323};Program Profesi Insinyur;5;{DEB74A44-FA2B-4AC4-A77A-B5278267493F};14
{9C6348A2-50D6-4118-A406-6592DBB9BB6C};Unit Pengelolaan Mata Kuliah Umum;4;\0;21
{3084FB78-84F6-4047-85DB-114C0C83EA15};D4 Teknik Lingkungan;4;\0;14
{97DC7139-E557-43B7-9CE4-C32B5CFF58E7};D3 T. Perancangan dan Konstruksi Kapal;4;\0;14
